$ Siding Spring Southern Seyfert Spectroscopic Snapshot Survey (S7),,,,,,,,,,,,,,,,,,,,,,,,,,,,,,,,,,,,,,,,,,,,,,,,,,,,,
$ Data Release 2 survey catalogue (vDR2),,,,,,,,,,,,,,,,,,,,,,,,,,,,,,,,,,,,,,,,,,,,,,,,,,,,,
$,,,,,,,,,,,,,,,,,,,,,,,,,,,,,,,,,,,,,,,,,,,,,,,,,,,,,
$ S7_Name,"S7 - Object name used in S7 products",,,,,,,,,,,,,,,,,,,,,,,,,,,,,,,,,,,,,,,,,,,,,,,,,,,,
$ Veron_or_other_name,"Name in Veron and Veron-Cetty (V&VC) catalogue; alternative names.",,,,,,,,,,,,,,,,,,,,,,,,,,,,,,,,,,,,,,,,,,,,,,,,,,,,
$ RA_hms,"V&VC - Right ascension in hours, minutes and seconds",,,,,,,,,,,,,,,,,,,,,,,,,,,,,,,,,,,,,,,,,,,,,,,,,,,,
$ Dec_sxgsml,"V&VC - Declination in sexagesimal (degrees, arcmin, arcsec)",,,,,,,,,,,,,,,,,,,,,,,,,,,,,,,,,,,,,,,,,,,,,,,,,,,,
$ V_app_mag,"V&VC - Apparent magnitude",,,,,,,,,,,,,,,,,,,,,,,,,,,,,,,,,,,,,,,,,,,,,,,,,,,,
$ V_mag_flag,"V&VC - Apparent magnitude band; 'V' -> V filter",,,,,,,,,,,,,,,,,,,,,,,,,,,,,,,,,,,,,,,,,,,,,,,,,,,,
$ V_class,"V&VC - classification code",,,,,,,,,,,,,,,,,,,,,,,,,,,,,,,,,,,,,,,,,,,,,,,,,,,,
$ V_class_descr,"V&VC - description of classification code",,,,,,,,,,,,,,,,,,,,,,,,,,,,,,,,,,,,,,,,,,,,,,,,,,,,
$ NED_z,"NED - Redshift",,,,,,,,,,,,,,,,,,,,,,,,,,,,,,,,,,,,,,,,,,,,,,,,,,,,
$ NED_z_err,"NED - Uncertainty in redshift",,,,,,,,,,,,,,,,,,,,,,,,,,,,,,,,,,,,,,,,,,,,,,,,,,,,
$ NED_MajDiam,"NED - Major diameter (arcsec)",,,,,,,,,,,,,,,,,,,,,,,,,,,,,,,,,,,,,,,,,,,,,,,,,,,,
$ NED_MajDiam_err,"NED - Uncertainty in major diameter",,,,,,,,,,,,,,,,,,,,,,,,,,,,,,,,,,,,,,,,,,,,,,,,,,,,
$ NED_ax_ratio,"NED - Minor/major axis ratio",,,,,,,,,,,,,,,,,,,,,,,,,,,,,,,,,,,,,,,,,,,,,,,,,,,,
$ NED_ax_ratio_err,"NED - Uncertainty in axis ratio",,,,,,,,,,,,,,,,,,,,,,,,,,,,,,,,,,,,,,,,,,,,,,,,,,,,
$ NED_PA,"NED - Position angle in degrees",,,,,,,,,,,,,,,,,,,,,,,,,,,,,,,,,,,,,,,,,,,,,,,,,,,,
$ S7_z,"S7 - Redshift.  Same as the NED redshift, but with small adjustments for ~7 galaxies",,,,,,,,,,,,,,,,,,,,,,,,,,,,,,,,,,,,,,,,,,,,,,,,,,,,
$ S7_Sy1_subtraction?,"S7 - If special treatment for Sy1s (broad component subtraction) was applied (see paper)",,,,,,,,,,,,,,,,,,,,,,,,,,,,,,,,,,,,,,,,,,,,,,,,,,,,
$ S7_num_obs,"S7 - Number of times object was observed with WiFeS",,,,,,,,,,,,,,,,,,,,,,,,,,,,,,,,,,,,,,,,,,,,,,,,,,,,
$ S7_best_obs_date,"S7 - Date of the best WiFeS observation, which was used in Data Release 2",,,,,,,,,,,,,,,,,,,,,,,,,,,,,,,,,,,,,,,,,,,,,,,,,,,,
$ S7_Photometric?,"S7 - If conditions were photometric for the S7 observation included in Data Release 2",,,,,,,,,,,,,,,,,,,,,,,,,,,,,,,,,,,,,,,,,,,,,,,,,,,,
$ S7_WCS_flags,"S7 - WCS quality.  N=Normal; S=DSS image was Saturated, limiting the cross-correlation accuracy; T=Telescope RA and Dec from cube header were used instead of cross-correlation results.",,,,,,,,,,,,,,,,,,,,,,,,,,,,,,,,,,,,,,,,,,,,,,,,,,,,
$ S7_best_exp_time,"S7 - Total exposure time (s) for combined object frames of S7 WiFeS observation in Data Release 2",,,,,,,,,,,,,,,,,,,,,,,,,,,,,,,,,,,,,,,,,,,,,,,,,,,,
$ S7_best_seeing,"S7 - Seeing (arcseconds) for S7 WiFeS observation in Data Release 2, as recorded by observer from guiding measurements",,,,,,,,,,,,,,,,,,,,,,,,,,,,,,,,,,,,,,,,,,,,,,,,,,,,
$ S7_best_WiFeS_PA,"S7 - WiFeS rotator position angle (degrees E of N, with respect to long axis of FOV) for S7 WiFeS observation",,,,,,,,,,,,,,,,,,,,,,,,,,,,,,,,,,,,,,,,,,,,,,,,,,,,
$ S7_mosaic?,"S7 - Mosaiced WiFeS pointings for this object?",,,,,,,,,,,,,,,,,,,,,,,,,,,,,,,,,,,,,,,,,,,,,,,,,,,,
$ S7_nucleus_index_x,"S7 - The x-index (between 0 and 24 inclusive (for non-mosaics)) of the 'nuclear spaxel' in the S7 data cubes",,,,,,,,,,,,,,,,,,,,,,,,,,,,,,,,,,,,,,,,,,,,,,,,,,,,
$ S7_nucleus_index_y,"S7 - The y-index (between 0 and 37 inclusive  (for non-mosaics)) of the 'nuclear spaxel' in the S7 data cubes",,,,,,,,,,,,,,,,,,,,,,,,,,,,,,,,,,,,,,,,,,,,,,,,,,,,
$ S7_Mstar,"S7 - Estimated galaxy stellar mass (log10 M*/Msun)",,,,,,,,,,,,,,,,,,,,,,,,,,,,,,,,,,,,,,,,,,,,,,,,,,,,
$ S7_Mstar_err,"S7 - Error on estimated stellar mass (log10 M*/Msun)",,,,,,,,,,,,,,,,,,,,,,,,,,,,,,,,,,,,,,,,,,,,,,,,,,,,
$ S7_SFR,"S7 - Estimated star formation rate (Msun/yr)",,,,,,,,,,,,,,,,,,,,,,,,,,,,,,,,,,,,,,,,,,,,,,,,,,,,
$ S7_SFR_err,"S7 - Error on estimated star formation rate (Msun/yr)",,,,,,,,,,,,,,,,,,,,,,,,,,,,,,,,,,,,,,,,,,,,,,,,,,,,
$ S7_BPT_classification,"S7 - Optical diagnostic plot classification based on S7 nuclear spectra",,,,,,,,,,,,,,,,,,,,,,,,,,,,,,,,,,,,,,,,,,,,,,,,,,,,
$ V_flux_6cm,"V&VC - 6cm radio flux (mJy)",,,,,,,,,,,,,,,,,,,,,,,,,,,,,,,,,,,,,,,,,,,,,,,,,,,,
$ V_flux_20cm,"V&VC - 20cm radio flux (mJy)",,,,,,,,,,,,,,,,,,,,,,,,,,,,,,,,,,,,,,,,,,,,,,,,,,,,
$ V_b-v_color,"V&VC - B-V colour (mag)",,,,,,,,,,,,,,,,,,,,,,,,,,,,,,,,,,,,,,,,,,,,,,,,,,,,
$ V_u-b_color,"V&VC - U-B colour (mag)",,,,,,,,,,,,,,,,,,,,,,,,,,,,,,,,,,,,,,,,,,,,,,,,,,,,
$ HL_morph,"Hyperleda - morphological classification",,,,,,,,,,,,,,,,,,,,,,,,,,,,,,,,,,,,,,,,,,,,,,,,,,,,
$ HL_Bar?,"Hyperleda - bar present?",,,,,,,,,,,,,,,,,,,,,,,,,,,,,,,,,,,,,,,,,,,,,,,,,,,,
$ HL_Ring?,"Hyperleda - ring present?",,,,,,,,,,,,,,,,,,,,,,,,,,,,,,,,,,,,,,,,,,,,,,,,,,,,
$ HL_Multiple?,"Hyperleda - Galaxy has companions?",,,,,,,,,,,,,,,,,,,,,,,,,,,,,,,,,,,,,,,,,,,,,,,,,,,,
$ HL_log_ax_ratio,"Hyperleda - logarithm of axis ratio",,,,,,,,,,,,,,,,,,,,,,,,,,,,,,,,,,,,,,,,,,,,,,,,,,,,
$ HL_log_ax_ratio_err,"Hyperleda - Uncertainty",,,,,,,,,,,,,,,,,,,,,,,,,,,,,,,,,,,,,,,,,,,,,,,,,,,,
$ HL_PA,"Hyperleda - position angle in degrees",,,,,,,,,,,,,,,,,,,,,,,,,,,,,,,,,,,,,,,,,,,,,,,,,,,,
$ HL_SB,"Hyperleda - mean effective surface brightness (mag.arcsec-2)",,,,,,,,,,,,,,,,,,,,,,,,,,,,,,,,,,,,,,,,,,,,,,,,,,,,
$ HL_SB_err,"Hyperleda - Uncertainty",,,,,,,,,,,,,,,,,,,,,,,,,,,,,,,,,,,,,,,,,,,,,,,,,,,,
$ HL_B_mag,"Hyperleda - total B-band magnitude",,,,,,,,,,,,,,,,,,,,,,,,,,,,,,,,,,,,,,,,,,,,,,,,,,,,
$ HL_B_mag_err,"Hyperleda - Uncertainty",,,,,,,,,,,,,,,,,,,,,,,,,,,,,,,,,,,,,,,,,,,,,,,,,,,,
$ HL_Re,"Hyperleda - effective Radius in B band (arcsec)",,,,,,,,,,,,,,,,,,,,,,,,,,,,,,,,,,,,,,,,,,,,,,,,,,,,
$ HL_Re_err,"Hyperleda - Uncertainty",,,,,,,,,,,,,,,,,,,,,,,,,,,,,,,,,,,,,,,,,,,,,,,,,,,,
$ HL_U-B,"Hyperleda - total U-B color (mag)",,,,,,,,,,,,,,,,,,,,,,,,,,,,,,,,,,,,,,,,,,,,,,,,,,,,
$ HL_B-V,"Hyperleda - total B-V color (mag)",,,,,,,,,,,,,,,,,,,,,,,,,,,,,,,,,,,,,,,,,,,,,,,,,,,,
$ HL_U-B_in_1Re,"Hyperleda - U-B color within Re (mag)",,,,,,,,,,,,,,,,,,,,,,,,,,,,,,,,,,,,,,,,,,,,,,,,,,,,
$ HL_B-V_in_1Re,"Hyperleda - B-V color within Re (mag)",,,,,,,,,,,,,,,,,,,,,,,,,,,,,,,,,,,,,,,,,,,,,,,,,,,,
$ HL_inclination,"Hyperleda - Inclination (degrees)",,,,,,,,,,,,,,,,,,,,,,,,,,,,,,,,,,,,,,,,,,,,,,,,,,,,
$,,,,,,,,,,,,,,,,,,,,,,,,,,,,,,,,,,,,,,,,,,,,,,,,,,,,,
S7_Name,Veron_or_other_name,RA_hms,Dec_sxgsml,V_app_mag,V_mag_flag,V_class,V_class_descr,NED_z,NED_z_err,NED_MajDiam,NED_MajDiam_err,NED_ax_ratio,NED_ax_ratio_err,NED_PA,S7_z,S7_Sy1_subtraction?,S7_num_obs,S7_best_obs_date,S7_Photometric?,S7_WCS_flags,S7_best_exp_time,S7_best_seeing,S7_best_WiFeS_PA,S7_mosaic?,S7_nucleus_index_x,S7_nucleus_index_y,S7_Mstar,S7_Mstar_err,S7_SFR,S7_SFR_err,S7_BPT_classification,V_flux_6cm,V_flux_20cm,V_b-v_color,V_u-b_color,HL_morph,HL_Bar?,HL_Ring?,HL_Multiple?,HL_log_ax_ratio,HL_log_ax_ratio_err,HL_PA,HL_SB,HL_SB_err,HL_B_mag,HL_B_mag_err,HL_Re,HL_Re_err,HL_U-B,HL_B-V,HL_U-B_in_1Re,HL_B-V_in_1Re,HL_inclination
MARK938,NGC17 / NGC34,00 11 06.60,-12 06 27.00,13.52,V,S2,SEYFERT TYPE 2,0.019617,7e-06,131.3,19.4,0.372,0.065,                    ,0.019617,N,1,2013-08-03,Y,N,3000,2.0,0,N,11,16,11.063074411,0.0088,52.8875026256,1.7630948573,SB + Seyfert 2,26.0,62.0,0.62,0.18, S0-a            ,,,,0.475,0.03,31.5,                 ,                 ,14.326,0.662,,,                 ,                 ,                 ,                 ,90
ESO350-IG38,,00 36 52.90,-33 33 29.16,14.41,V,H2,AGN UNCLASSIFIED,0.020598,3.3e-05,29.4,5.1,0.759,0.112,95,0.020598,N,1,2014-08-22,Y,N,2400,1.6,90,N,14,18,,,21.1378827841,0.697188357932,SB,7.0,26.0,0.1,-0.67, I               ,,,M,0.119,0.035,104.91,                 ,                 ,14.342,0.49,,,                 ,                 ,-0.7,0.1,45.69
PKS0056-572,PKS 0056-572,00 58 46.70,-56 59 09.96,17.4,V,S1,SEYFERT TYPE 1,,,                    ,                    ,                    ,                    ,                    ,0.679,N,1,2013-11-01,N,T,3000,1.1,0,N,11,17,,,,,QSO + Seyfert 1,813.0,,,,,,,,,,,,,,,0.6710184608,,,,,,
NGC424,,01 11 27.70,-38 05 00.96,14.12,V,S1h,SEYFERT TYPE 1,0.011764,3.1e-05,109.2,10.5,0.447,0.055,60,0.011764,N,1,2013-08-12,Y,N,3000,1.8,90,N,13,18,11.4350503048,0.0092,2.59105378174,0.104416579742,Seyfert 2,15.0,23.0,0.88,0.12, S0-a            ,B,R,,0.386,0.053,61.3,21.232,0.333,13.775,0.192,2.9810832325,0.2291776444,                 ,                 ,0.17,0.93,78.48
IC1657,,01 14 07.01,-32 39 02.16,13.12,V,S2,SEYFERT TYPE 2,0.011952,1.3e-05,140.7,13.6,0.234,0.023,170,0.011952,N,1,2013-08-08,N,N,3000,2.1,0,N,11,15,10.3188082097,0.0092,3.6465012727,0.136254847744,SB + Seyfert 2,,24.0,,, SBbc            ,B,,,0.646,0.02,169.58,20.947,0.55,13.196,0.531,3.1616076198,0.4834101152,                 ,                 ,                 ,0.94,90
NGC613,,01 34 18.19,-29 25 05.88,12.71,V,S?,SEYFERT,0.00494,1.7e-05,329.7,15.5,0.759,0.036,120,0.00494,N,3,2014-08-22,Y,S,2400,1.5,135,N,13,20,10.4319085239,0.0092,8.08788333809,0.294843070817,SB + Seyfert 2,81.0,100.0,0.78,0.13, Sbc             ,B,,,0.085,0.031,124.89,21.787,0.345,10.741,0.109,6.1105226568,0.4421688364,0.06,0.68,0.175,0.78,35.71
MARK573,,01 43 57.79,+02 20 58.92,14.07,V,S1h,SEYFERT TYPE 1,0.017179,3.7e-05,80.9,14.2,0.977,0.094,                    ,0.017179,N,1,2013-11-04,Y,N,3000,2.0,90,N,10,17,10.8849865128,0.0092,2.74119788088,0.147220927436,Seyfert 1,6.0,22.0,0.83,0.03, S0-a            ,B,,,0.039,0.025,                 ,21.23,0.389,14.236,0.419,2.7174565107,0.3107335176,                 ,1.03,                 ,                 ,26.74
IRAS01475-0740,,01 50 02.71,-07 25 49.08,15.62,V,S1h,SEYFERT TYPE 1,0.018026,0.00015,                    ,                    ,                    ,                    ,                    ,0.018026,N,1,2013-08-09,"N - also, R/B flux calib issue",N,3000,1.8,90,N,14,17,10.4205524189,0.0092,2.491314382,0.236909713364,Seyfert 2,297.0,311.0,1.24,0.36,                 ,,,,0.127,0.04,132,                 ,                 ,16.74,0.5,,,                 ,                 ,                 ,                 ,42.58
NGC833,,02 09 20.90,-10 07 59.00,13.0,V,S3,LINER,0.012889,3.3e-05,88.7,10.8,0.479,0.058,75,0.012889,N,1,2013-08-04,N,N,3000,3.0,90,N,11,17,10.5773673348,0.0088,0.0,,LINER,,2.0,1.02,0.57, Sa              ,,R,M,0.39,0.026,85.29,21.37,0.345,13.716,0.129,3.1008697918,0.2284278416,0.51,0.99,                 ,                 ,75.95
NGC835,,02 09 24.60,-10 08 11.04,12.45,V,S2,SEYFERT TYPE 2,0.013586,3.3e-05,75.5,7.3,0.832,0.101,                    ,0.013586,N,2,2013-08-03,Y,N,3000,1.6,0,N,12,15,10.4288558741,0.0088,1.88059326394,0.128766635774,LINER,,31.0,0.84,0.25, Sab             ,B,R,,0.077,0.04,4.58,                 ,                 ,13.158,0.124,,,0.18,0.81,                 ,                 ,34.86
IC1816,,02 31 51.00,-36 40 14.88,14.26,V,S2,SEYFERT TYPE 2,0.016945,2e-05,86.7,8.4,0.851,0.082,                    ,0.016945,N,1,2013-11-04,Y,N,3000,2.7,90,N,11,15,10.6437182571,0.0092,3.87334230441,0.135765156642,Seyfert 2,,32.0,0.93,0.19, SBab            ,B,R,,0.014,0.027,                 ,21.193,0.305,13.79,0.211,2.9490640685,0.2187450257,                 ,                 ,                 ,                 ,15.23
NGC1052,,02 41 04.80,-08 15 20.88,12.31,V,S3b,LINER,0.005037,2e-05,181.2,13,0.692,0.049,120,0.005037,N,1,2013-11-02,Y,S,3000,1.5,90,N,12,18,10.3301118612,0.0088,0.17777391463,0.00745675236904,LINER,880.0,1017.0,1.07,0.61, E               ,,,,0.152,0.021,109.01,21.055,0.307,11.454,0.205,4.5769931977,0.3379222316,0.43,0.94,0.535,1.005,70.46
NGC1068,,02 42 40.70,+00 00 47.16,10.83,V,S1h,SEYFERT TYPE 1,0.003793,1e-05,424.8,9.9,0.851,0.04,70,0.003793,N,1,2014-08-23,Y,"S,T",2400,1.2,45,N,13,17,,,12.8850112214,0.318269046342,Seyfert 2,1900.0,1918.0,0.87,0.13, Sb              ,,,,0.037,0.043,                 ,19.56,0.305,9.743,0.413,4.7790309524,0.4907243396,0.09,0.74,0.07,0.78,24.15
NGC1097,,02 46 19.01,-30 16 27.84,12.78,V,S3b,LINER,0.00424,1e-05,560,13,0.676,0.032,130,0.00424,N,1,2013-11-04,Y,S,3000,2.7,0,N,11,16,10.4528532273,0.0092,9.13790827502,0.225834396088,LINER,150.0,200.0,1.0,0.31, SBb             ,B,R,,0.215,0.026,138.16,21.496,0.521,10.139,0.152,6.50262448,0.7058208735,0.23,0.75,0.22,0.83,54.95
IC1858,,02 49 08.50,-31 17 21.84,14.4,V,S3,LINER,0.020247,5e-05,106.7,10.3,0.316,0.023,176,0.020247,N,1,2014-08-23,Y,N,2400,1.2,0,N,13,18,10.6998248064,0.0088,0.954132303158,0.125683450957,SB,,73.0,,, S0-a            ,,,,0.34,0.027,174.34,21.416,0.312,14.18,0.316,2.8522019732,0.2533166447,                 ,                 ,                 ,                 ,82.07
NGC1125,,02 51 40.30,-16 39 03.96,13.13,V,S2,SEYFERT TYPE 2,0.010931,1.7e-05,109.2,7.8,0.501,0.061,60,0.010931,N,1,2013-11-01,Y,N,3000,1.2,90,N,11,17,10.3429365508,0.0092,3.36875130884,0.144058598948,Seyfert 2,,55.0,0.85,0.28, S0-a            ,B,R,M,0.356,0.031,53.5,21.806,0.317,13.446,0.116,3.5710797817,0.2410888831,0.29,0.82,0.265,0.855,75.19
NGC1194,,03 03 49.10,-01 06 13.00,14.18,V,S1.9,SEYFERT TYPE 2,0.013596,1.7e-05,106.7,13,0.562,0.069,140,0.013596,N,1,2014-08-22,Y,N,2400,1.5,135,N,13,20,10.811024068,0.0088,0.833027376395,0.0363034134051,SB + Seyfert 2,,1.0,1.11,0.63, S0-a            ,,,,0.303,0.027,139.26,22.695,0.396,13.867,0.17,3.9214375365,0.3379869701,0.45,0.96,0.53,1.035,71.1
NGC1204,,03 04 40.01,-12 20 29.04,14.2,V,S2,SEYFERT TYPE 2,0.015377,0.00015,67.3,10,0.302,0.037,                    ,0.015377,N,1,2013-11-03,Y,N,3000,2.3,60,N,5,16,10.7071340358,0.0092,16.4693077022,0.528633218794,SB + Seyfert 2,,25.0,,, S0-a            ,,,,0.448,0.026,62.48,                 ,                 ,14.285,0.361,,,                 ,                 ,                 ,                 ,90
NGC1217,,03 06 05.90,-39 02 09.96,13.3,V,S3,LINER,0.020974,5e-05,106.7,10.3,0.724,0.088,50,0.020974,N,1,2016-02-09,Y,N,2700,1.5,45,N,12,18,10.9512189891,0.0088,3.20953228571,0.119859266627,LINER,,31.0,,, Sa              ,,R,,0.16,0.025,31.97,21.209,0.622,13.45,0.247,3.1666697156,0.4238575289,                 ,                 ,                 ,                 ,49.61
NGC1266,,03 16 00.70,-02 25 37.92,13.93,V,S?,SEYFERT Type 2,0.007238,1.7e-05,92.9,11.3,0.617,0.091,                    ,0.007238,N,1,2014-08-24,Y,N,2700,1.0,90,N,14,19,9.96996891106,0.0088,5.89847044142,0.197197948602,LINER,,113.0,,, S0              ,B,,,0.173,0.024,102.94,22.978,0.389,14.333,0.314,3.7805220173,0.3779894399,                 ,                 ,                 ,                 ,58.19
NGC1320,MARK 607,03 24 48.70,-03 02 32.00,14.0,V,S2,SEYFERT TYPE 2,0.008883,5.3e-05,114.3,8.2,0.339,0.041,                    ,0.008883,N,1,2014-08-24,Y,N,2700,1.0,315,N,14,19,10.4917807404,0.0084,1.40031778781,0.0472847733313,Seyfert 2,4.0,6.0,,, Sa              ,,,,0.435,0.029,137.33,21.303,0.265,13.343,0.15,3.2965494647,0.2007650047,0.26,0.87,0.285,0.87,80.53
NGC1346,SDSS J03302-0532,03 30 13.20,-05 32 35.00,16.39,V,S1,SEYFERT TYPE 1,0.013539,2e-05,60,5.8,0.676,0.065,                    ,0.013539,N,1,2013-11-02,Y,N,3000,1.4,90,N,10,17,10.5008858808,0.0092,5.40907892316,0.170708934373,SB,,24.0,0.67,0.08, Sb              ,,,,0.43,0.028,83.6,22.46,0.229,13.893,0.312,3.7220095253,0.288098925,                 ,                 ,                 ,                 ,73.97
NGC1365,,03 33 36.41,-36 08 24.00,12.95,V,S1.8,SEYFERT TYPE 2,0.005457,3e-06,673.2,15.7,0.55,0.026,32,0.005457,Y,1,2016-02-10,Y,N,2700,1.1,60,N,13,17,10.5818143451,0.0084,13.1574465982,0.360353071278,Seyfert 1,210.0,331.0,0.68,-0.04, Sb              ,B,,,0.292,0.036,19.96,22.063,0.325,10.358,0.168,6.9712785573,0.5100937445,0.16,0.69,0.14,0.785,62.7
ESO420-G13,ESO 420-G013,04 13 49.70,-32 00 24.12,13.3,V,S2,SEYFERT TYPE 2,0.011908,0.00012,60,7.3,0.891,0.064,                    ,0.0120511043989,N,1,2016-02-09,Y,N,2700,1.7,90,N,12,18,10.8163496034,0.0092,18.6838303765,0.402757735084,SB + Seyfert 2,,63.0,,, S0-a            ,,R,,0.047,0.033,63.07,19.497,0.369,13.348,0.198,2.2949564312,0.1922099654,                 ,                 ,                 ,                 ,29.16
NGC1566,,04 20 00.70,-54 56 17.16,13.17,V,S1.5,SEYFERT TYPE 1.5,0.005017,7e-06,499.1,23.5,0.794,0.037,60,0.005017,N,1,2013-11-01,Y,S,3000,1.3,90,N,12,15,9.56108823688,0.0088,0.969559602574,0.0252429403182,Seyfert 1,76.0,,0.76,-0.04, SABb            ,B,,,0.16,0.039,45.09,21.424,0.233,10.286,0.115,6.2239851624,0.3234412926,-0.04,0.625,0.08,0.715,47.89
ESO202-G23,ESO 202-G023 / Carafe,04 28 00.00,-47 54 47.88,14.9,V,S3,LINER,0.016501,5e-05,128.3,12.4,0.851,0.082,                    ,0.016501,N,1,2013-11-03,Y,N,3000,2.5,0,N,14,15,10.588360172,0.0092,5.21437181805,0.133751994814,LINER,55.0,,1.18,0.84, Scd             ,,,,0.084,0.025,163.84,22.74,0.311,13.476,0.229,4.2787001655,0.3304996078,                 ,                 ,0.81,1.18,34.91
NGC1672,,04 45 42.19,-59 14 51.00,12.23,V,S,SEYFERT,0.00444,1e-05,396.4,18.7,0.832,0.039,171,0.00444,N,1,2016-02-07,Y,N,2700,1.9,90,N,13,17,10.1466340445,0.0088,3.87081646076,0.087687017196,SB + Seyfert 2,100.0,,0.64,-0.04, Sb              ,B,,,0.051,0.03,                 ,21.612,0.233,10.343,0.204,6.3891911924,0.3957277491,0.01,0.6,0.005,0.67,28.23
NGC1667,,04 48 37.20,-06 19 12.00,12.86,V,S2,SEYFERT TYPE 2,0.015167,5.7e-05,106.7,7.6,0.776,0.075,                    ,0.015167,N,1,2016-02-08,N - R/B flux calib issue,N,2700,1.6,0,N,12,16,10.614659157,0.0092,10.7162505869,0.420385123567,Seyfert 2,45.0,57.0,0.8,0.13, SABc            ,B,R,,0.11,0.063,2.5,21.091,0.305,12.765,0.037,3.5468813165,0.2179459722,0.03,0.7,0.1,0.79,39.99
NGC1808,,05 07 42.29,-37 30 46.08,12.55,V,H2,AGN UNCLASSIFIED,0.003319,1.3e-05,387.4,18.3,0.603,0.043,133,0.003319,N,1,2013-11-02,Y,S,3000,1.1,0,N,11,19,10.136770501,0.0092,4.18820918109,0.090663325125,SB + Seyfert 2,213.0,428.0,0.98,0.23, Sa              ,B,R,,0.471,0.038,134.65,                 ,                 ,10.826,0.06,,,0.285,0.815,0.27,0.89,83.93
UGC3255,,05 09 50.21,+07 28 59.16,15.6,V,S2,SEYFERT TYPE 2,0.01891,7e-05,73.8,10.9,0.234,0.029,17,0.01891,N,1,2016-02-07,N - R/B flux calib issue,N,2700,2.4,20,N,12,15,10.5999235292,0.0092,0.0,,LINER,,35.0,,, Sb              ,B,,,0.565,0.029,16,23.718,0.389,15.33,0.409,3.5911318426,0.4054017269,                 ,                 ,                 ,                 ,84.59
ESO362-G08,ESO 362-G008,05 11 09.00,-34 23 35.00,12.65,V,S2,SEYFERT TYPE 2,0.015748,6.3e-05,73.8,10.9,0.457,0.033,167,0.015748,N,1,2016-02-06,N,N,2700,1.8,0,N,13,17,10.8576889236,0.0092,0.937819528631,0.0350860531298,PSB + Seyfert 2,,3.0,0.72,0.35, S0              ,B,,,0.329,0.054,166.3,19.551,0.452,13.702,0.258,2.1613220187,0.2249719248,                 ,                 ,0.56,0.93,81.07
ESO362-G18,ESO 362-G018,05 19 35.80,-32 39 27.00,13.37,V,S1.5,SEYFERT TYPE 1.5,0.012445,3.3e-05,72.1,8.8,0.646,0.062,160,0.012445,Y,1,2016-02-10,Y,N,2700,1.1,135,N,12,16,10.6634214766,0.0092,1.96466883486,0.0783484978543,Seyfert 1,,12.0,0.63,-0.24, S0-a            ,B,,M,0.322,0.052,144.74,19.884,0.343,13.87,0.223,2.2338278947,0.1827800924,                 ,                 ,                 ,                 ,70.93
NGC2110,,05 52 11.40,-07 27 23.04,13.51,V,S1h,SEYFERT TYPE 1,0.007789,6.7e-05,101.9,23.5,0.741,0.13,                    ,0.007789,N,1,2016-02-08,Y,N,2700,1.4,0,N,12,17,10.949598036,0.0088,2.45840021019,0.210644166965,Seyfert 2,175.0,294.0,1.26,0.54, E-S0            ,B,,,0.102,0.023,175.07,                 ,                 ,13.5,0.5,,,                 ,                 ,0.51,1.29,46.4
NGC2217,,06 21 39.70,-27 14 00.96,11.93,V,S3,LINER,0.0054,1.7e-05,268,12.6,0.933,0.044,                    ,0.0054,N,2,2016-02-10,Y,N,2700,1.3,90,N,12,18,10.3943940767,0.0088,0.456723832279,0.01511751577,LINER,,22.0,1.01,0.75, S0-a            ,B,R,,0.051,0.02,                 ,21.966,0.968,11.633,0.225,5.2985176678,1.0531390018,0.54,1,0.595,1.025,30.09
MARK1210,,08 04 05.90,+05 06 50.04,13.7,V,S2,SEYFERT TYPE 2,0.013496,3.3e-05,48.8,25,1,0.318,                    ,0.013496,N,1,2014-03-02,Y,N,2700,1.6,90,N,11,16,10.680145041,0.0088,2.55147411707,0.108743885345,Seyfert 2,56.0,112.0,0.85,-0.62,                 ,,,,0.016,0.053,                 ,                 ,                 ,14.336,0.272,,,                 ,                 ,                 ,                 ,15.65
NGC2617,,08 35 38.81,-04 05 18.96,14.0,O,S1.8,SEYFERT TYPE 2,0.014213,1.3e-05,                    ,                    ,                    ,                    ,                    ,0.014213,Y,1,2014-03-02,Y,N,2700,1.6,90,N,12,16,10.4759855448,0.0092,1.92014684477,0.0945652212112,Seyfert 1,,21.0,,, SBc             ,B,,,0.104,0.061,126.5,                 ,                 ,13.79,0.5,,,                 ,                 ,                 ,                 ,39.15
MCG-01-24-012,MCG -01.24.012,09 20 46.20,-08 03 20.88,13.7,V,S2,SEYFERT TYPE 2,0.019644,3.3e-05,80.9,12,0.562,0.069,                    ,0.019644,N,3,2016-02-05,Y,N,2700,2.1,40,N,10,17,10.6290869698,0.0092,2.46262665477,0.176539828965,Seyfert 2,,26.0,,, SABc            ,B,R,,0.358,0.03,39.75,                 ,                 ,14.655,0.354,,,                 ,                 ,                 ,                 ,66.6
MCG-05-23-004,MCG -05.23.004,09 31 06.91,-30 21 29.16,14.0,V,S3,LINER,0.008603,6.7e-05,                    ,                    ,                    ,                    ,                    ,0.008603,N,1,2014-04-06,Y,N,2700,1.2,90,N,11,17,10.4477519379,0.0092,0.0,,LINER,,22.0,,, E               ,,,,0.012,0.023,                 ,21.389,0.323,14.009,0.2,2.9355309272,0.2230454956,                 ,                 ,                 ,                 ,16.62
ESO565-G19,ESO 565-G019,09 34 43.80,-21 55 41.88,13.66,V,S2,SEYFERT TYPE 2,0.016285,7.7e-05,67.3,8.2,0.575,0.041,171,0.016285,N,1,2016-02-09,Y,N,2700,2.2,0,N,13,16,10.9495713595,0.0092,6.88907574193,0.231356104624,LINER or Seyfert 2,,39.0,,, E               ,,,,0.213,0.035,172.07,19.944,0.386,13.666,0.069,2.3549304263,0.1846824065,                 ,0.85,                 ,0.79,75.45
NGC2945,,09 37 41.09,-22 02 06.00,13.2,V,S,SEYFERT,0.015444,5e-05,97.3,9.4,0.741,0.053,168,0.015444,N,1,2016-02-08,Y,N,2700,1.8,90,N,12,18,10.8906104182,0.0088,1.39110954592,0.14618475585,LINER,,37.0,,, E-S0            ,,,,0.103,0.046,160.36,20.185,0.356,13.341,0.225,2.6371517364,0.2221233317,                 ,                 ,0.46,0.96,45.85
NGC2974,,09 42 33.30,-03 41 57.00,12.3,V,S2,SEYFERT TYPE 2,0.006294,1.7e-05,208,9.8,0.589,0.042,40,0.006294,N,1,2016-02-05,N,S,1800,2.0,45,N,14,19,10.4458792122,0.0088,0.21720803444,0.0175000143907,SB + Seyfert 2,,8.0,,, E               ,,,,0.213,0.041,43.99,21.095,0.467,11.876,0.341,4.2403685896,0.4903963816,0.57,1,0.58,1.005,90
MCG-05-23-008,MCG -05.23.008,09 44 13.10,-28 50 56.04,13.1,V,S3,LINER,0.008432,6.7e-05,92.9,11.3,0.776,0.075,102,0.008432,N,1,2014-04-08,Y,N,1800,1.7,90,N,11,16,10.4654547234,0.0088,0.0,,LINER,,37.0,,, E-S0            ,,,,0.113,0.04,99.2,21.97,0.691,13.24,0.533,3.845333508,0.6711489606,                 ,0.95,                 ,1.01,50.24
NGC2992,,09 45 42.00,-14 19 35.04,13.78,V,S1.9,SEYFERT TYPE 2,0.00771,1.3e-05,212.9,10,0.309,0.03,                    ,0.00771,N,1,2014-04-05,N,N,3000,2.0,45,N,8,17,10.5316722053,0.0092,0.0,,Seyfert 2,77.0,219.0,1.06,0.4, Sa              ,,,M,0.626,0.079,17,21.072,0.369,13.057,0.121,3.3330078819,0.2588629446,0.4,0.96,0.38,1.005,90
MARK1239,,09 52 19.10,-01 36 43.92,14.39,V,S1n,SEYFERT TYPE 1,0.019927,0.000127,                    ,                    ,                    ,                    ,                    ,0.019927,Y,1,2014-03-02,Y,N,2700,1.8,0,N,12,16,11.7960984533,0.0092,3.1210057969,0.156320832428,Seyfert 1,19.0,60.0,0.6,-0.33, E               ,,,,                 ,                 ,                 ,                 ,                 ,15.89,0.5,,,                 ,                 ,                 ,                 ,                 
NGC3100,,10 00 40.90,-31 39 51.12,12.0,V,S3,LINER,0.008813,6.7e-05,189.7,18.3,0.513,0.049,154,0.008813,N,1,2014-04-06,N,N,2700,2.5,0,N,12,18,10.564040741,0.0088,0.0,,LINER,,530.0,,, S0              ,B,,,0.157,0.041,148.22,21.846,0.228,12.031,0.404,4.7771199204,0.4432178806,0.41,0.89,0.455,0.985,54.54
IC2560,,10 16 19.30,-33 33 59.04,13.31,V,S2,SEYFERT TYPE 2,0.009757,7e-06,189.7,13.6,0.631,0.061,45,0.009757,N,1,2014-04-08,N,N,1800,1.5,45,N,11,17,,,1.92591995662,0.0847624778626,Seyfert 2,,25.0,1.07,0.56, SBb             ,B,R,,0.328,0.026,45.7,22.657,0.312,12.614,0.312,4.9999759869,0.4412325124,                 ,                 ,                 ,0.97,65.62
ESO500-G34,ESO 500-G034,10 24 31.49,-23 33 10.08,14.21,V,S2,SEYFERT TYPE 2,0.012215,0.000123,65.8,8,0.525,0.051,152,0.012215,N,1,2016-02-07,Y,N,2700,1.8,0,N,13,18,10.5818645803,0.0092,14.8452583228,0.394662540924,SB + PSB + Seyfert 2,23.0,56.0,0.78,, S0-a            ,B,,,0.367,0.029,156.26,21.195,0.38,14.436,0.207,2.592703645,0.2243843832,                 ,0.84,                 ,                 ,75.45
MCG-06-23-038,MCG -06.23.038,10 29 45.60,-38 20 54.96,14.5,V,S,SEYFERT,0.01515,8.3e-05,77.3,9.4,0.324,0.031,73,0.01515,N,1,2014-03-02,N,N,2700,2.3,90,N,12,15,10.5056646914,0.0088,1.9908601237,0.130215359633,Seyfert 2,,37.0,,, SBa             ,B,R,,0.516,0.024,71.07,21.3,0.328,14.505,0.228,2.6114365262,0.2086326963,                 ,                 ,                 ,                 ,90
NGC3281,,10 31 52.10,-34 51 12.96,14.02,V,S2,SEYFERT TYPE 2,0.010674,7.3e-05,198.7,14.2,0.501,0.036,140,0.0116107436444,N,2,2016-02-09,Y,N,2700,1.7,135,N,11,16,10.8700986567,0.0092,6.48597998964,0.240137194697,Seyfert 2,27.0,73.0,1.15,0.58, Sab             ,,R,,0.386,0.026,140.4,22.235,0.274,12.712,0.084,4.5061534362,0.2582808283,                 ,0.98,0.475,1.045,71.65
MCG-02-27-009,MCG -02.27.009,10 35 27.30,-14 07 47.00,14.33,V,S2,SEYFERT TYPE 2,0.015107,0.000103,114.3,14,0.251,0.031,                    ,0.015107,N,1,2016-02-05,Y,N,2700,1.8,90,N,13,16,10.3191672028,0.0088,1.45847937135,0.130534599797,LINER or Seyfert 2,,,,, S0-a            ,B,,,0.574,0.03,85.6,                 ,                 ,14.262,0.343,,,                 ,                 ,                 ,                 ,90
NGC3312,,10 37 02.50,-27 33 56.16,13.96,V,S3,LINER,0.009627,3e-05,198.7,9.4,0.38,0.027,175,0.009627,N,1,2016-02-08,Y,N,2700,1.4,0,N,13,16,10.5833459073,0.0088,1.37748877525,0.0829537131798,LINER,,33.0,1.16,0.68, Sb              ,,R,,0.489,0.026,172.35,22.339,0.303,12.772,0.284,4.5459784298,0.3775790181,                 ,                 ,0.39,1.07,78.44
NGC3390,,10 48 04.39,-31 31 59.88,13.41,V,S3,LINER,0.010164,5.3e-05,212.9,15.2,0.162,0.016,177,0.010164,N,1,2016-02-07,Y,N,2700,1.5,0,N,9,16,10.4061569896,0.0096,0.811134767935,0.05123934676,SB,,39.0,1.07,0.5, Sb              ,,,,0.657,0.043,178.52,21.745,0.622,12.949,0.121,3.8964230618,0.4938014902,0.38,0.96,0.43,1.03,90
NGC3393,,10 48 23.40,-25 09 43.92,13.95,V,S2,SEYFERT TYPE 2,0.012509,1.7e-05,131.3,9.4,0.912,0.088,                    ,0.012509,N,1,2016-02-08,Y,N,2700,1.5,45,N,13,17,10.619519713,0.0088,3.42843138199,0.178033109602,Seyfert 2,52.0,69.0,0.88,0.17, SBa             ,B,,,0.059,0.024,12.75,21.657,0.263,13.061,0.234,3.7436576546,0.2635758323,                 ,                 ,0.17,0.88,30.94
IRAS11215-2806,,11 24 02.81,-28 23 15.00,13.0,V,S2,SEYFERT TYPE 2,0.01399,0.0001,                    ,                    ,                    ,                    ,                    ,0.01399,N,1,2014-04-07,N,N,2700,2.0,135,N,12,18,10.2977004968,0.0088,0.648726156583,0.0403879263866,Seyfert 2,20.0,52.0,,, Sb              ,,,,0.502,0.127,145.4,                 ,                 ,15.81,0.5,,,                 ,                 ,                 ,                 ,79.23
NGC3783,,11 39 01.80,-37 44 18.96,13.43,V,S1.5,SEYFERT TYPE 1.5,0.00973,7e-06,114.3,11,0.891,0.086,                    ,0.00973,Y,2,2016-02-07,Y,N,2700,1.5,0,N,13,16,11.1470447919,0.0088,3.60390824138,0.168785530786,Seyfert 1,16.0,36.0,0.56,-0.7, SBa             ,B,R,,0.045,0.027,162.5,21.249,0.305,12.422,0.292,3.9206534087,0.3310935512,                 ,                 ,-0.45,0.64,27.06
NGC3831,,11 43 18.60,-12 52 42.00,13.6,V,S2,SEYFERT TYPE 2,0.017559,0.00015,161.5,19.7,0.209,0.025,23,0.017559,N,2,2016-02-09,Y,N,2700,2.4,30,N,12,16,10.3702282455,0.0088,0.557986000912,0.0536649770588,LINER,,2.0,,, S0-a            ,B,R,,0.557,0.025,22.6,                 ,                 ,13.853,0.364,,,                 ,                 ,                 ,                 ,90
NGC3858,,11 45 11.70,-09 18 50.00,13.94,V,S2,SEYFERT TYPE 2,0.019097,7.3e-05,82.8,12.3,0.575,0.07,56,0.019097,N,1,2016-02-08,Y,N,2700,1.6,45,N,12,17,10.6081947992,0.0092,2.17564079553,0.230973919511,SB,,2.0,,, SBa             ,B,,,0.26,0.028,71.34,                 ,                 ,14.223,0.386,,,                 ,                 ,                 ,                 ,61.65
NGC4303,,12 21 54.89,+04 28 24.96,12.6,V,S2,SEYFERT TYPE 2,0.005224,7e-06,387.4,9,0.891,0.042,                    ,0.005224,N,1,2014-04-08,Y,N,1800,1.3,0,N,11,16,9.95906463868,0.0096,3.99151309167,0.184648286466,SB + Seyfert 2,157.0,468.0,0.78,0.15, Sbc             ,B,R,,0.021,0.036,                 ,21.417,0.452,10.159,0.06,6.3751518765,0.5813691115,-0.11,0.53,-0.03,0.635,18.06
NGC4404,,12 26 16.10,-07 40 50.16,13.1,V,S3,LINER,0.01863,6.7e-05,70.5,12.3,0.794,0.097,                    ,0.01863,N,1,2014-04-05,Y,N,3000,1.8,90,N,11,17,10.8365365453,0.0092,0.0,,LINER,,40.0,,, E-S0            ,,R,,0.193,0.036,138.67,                 ,                 ,14.251,0.576,,,                 ,                 ,                 ,                 ,65.3
NGC4418,,12 26 54.70,-00 52 41.88,13.37,V,S2,SEYFERT TYPE 2,0.007268,2.7e-05,86.7,8.4,0.49,0.047,59,0.007268,N,1,2016-05-04,Y,N,2700,1.5,60,N,11,15,9.63945396735,0.0092,10.5159102124,0.52644030639,SB,,41.0,0.84,, SABa            ,B,,,0.319,0.024,63.55,22.298,0.714,13.831,0.03,3.6483163641,0.5214392458,                 ,                 ,                 ,0.92,68.05
NGC4472,,12 29 46.80,+08 00 02.16,12.17,V,S2,SEYFERT TYPE 2,0.003272,1.7e-05,614,14.3,0.813,0.019,155,0.003272,N,1,2016-05-05,Y,S,2700,1.2,0,N,12,16,10.5223109983,0.0092,0.0,,SB,,752.0,1.04,0.71, E               ,,,,0.086,0.028,156.4,                 ,                 ,9.349,0.114,,,0.55,0.96,0.565,0.975,50.24
NGC4507,,12 35 36.50,-39 54 33.12,13.54,V,S1h,SEYFERT TYPE 1,0.011801,3e-05,99.6,9.6,0.794,0.077,                    ,0.011801,N,1,2016-02-10,Y,N,2400,1.2,60,N,12,16,11.106037862,0.0088,5.20436110095,0.255007528189,Seyfert 2,22.0,47.0,0.97,0.16, Sab             ,B,R,,0.066,0.023,49.84,21.672,0.45,13.013,0.15,3.7911212118,0.3596573375,0.13,0.85,0.115,0.895,32.45
NGC4593,,12 39 39.40,-05 20 39.00,13.15,V,S1.0,SEYFERT TYPE 1.0,0.009,0.000127,233.4,11,0.741,0.053,                    ,0.00825851644747,Y,2,2016-02-05,N,N,2700,2.0,45,N,12,16,10.6527066397,0.0092,1.97473139852,0.0771141930429,Seyfert 1,2.0,5.0,0.8,-0.19, Sb              ,B,,M,0.071,0.027,37.87,                 ,                 ,12.162,0.571,,,                 ,                 ,-0.06,0.79,33.05
NGC4594,Sombrero,12 39 59.30,-11 37 23.16,9.25,V,S3,LINER,0.003416,1.7e-05,522.6,12.2,0.407,0.019,90,0.00368729754262,N,1,2016-02-07,Y,"S,T",2700,2.0,90,N,12,20,10.5992883687,0.0116,0.325441450945,0.0152043583069,SB + Seyfert 2,136.0,85.0,1.02,0.64, Sa              ,,,,0.236,0.031,89.5,20.424,0.305,9.154,0.16,6.3904690259,0.4402008153,0.53,0.98,0.58,1.025,59.42
IC3639,,12 40 52.90,-36 45 20.88,13.5,V,S1h,SEYFERT TYPE 1,0.010924,1.7e-05,73.8,9,0.955,0.092,                    ,0.010924,N,1,2016-02-10,Y,N,2700,1.3,135,N,12,16,10.5879754475,0.0088,8.10806852879,0.345974743269,Seyfert 2,33.0,73.0,0.65,0.02, SBbc            ,B,,,0.03,0.032,                 ,20.483,0.322,13.05,0.216,2.9668097967,0.2300684004,                 ,0.55,0,0.67,21.76
NGC4636,,12 42 49.99,+02 41 16.08,11.84,V,S3b,LINER,0.003129,1.4e-05,361.5,17,0.776,0.037,150,0.003129,N,1,2014-04-08,Y,S,1800,1.3,45,N,11,16,10.041563814,0.0092,0.0,,LINER,70.0,57.0,0.78,0.73, E               ,,,,0.131,0.03,149.77,                 ,                 ,10.042,0.222,,,0.44,0.94,0.5,0.91,64.42
NGC4691,,12 48 13.01,-03 19 59.16,16.27,V,S1,SEYFERT TYPE 1,0.003703,2.3e-05,169.1,12.1,0.813,0.058,85,0.003703,N,1,2016-05-04,Y,N,2700,1.4,90,N,12,20,,,3.51833099471,0.150406487968,SB,,21.0,0.28,-0.44, S0-a            ,B,,,0.091,0.021,28,20.479,0.384,11.516,0.094,4.0287473872,0.3185432501,-0.07,0.58,-0.275,0.44,38.72
NGC4696,,12 48 49.30,-41 18 39.96,11.4,V,S3,LINER,0.009867,5e-05,268,19.2,0.724,0.07,95,0.009867,N,1,2016-05-03,N,N,900,2.0,90,N,13,15,10.4265047069,0.0092,0.0,,LINER,1330.0,,,, E               ,,,,0.177,0.021,87.79,                 ,                 ,11.654,0.338,,,                 ,                 ,0.61,1.07,68.03
3C278,3C 278 / VV 201 (galaxy pair),12 54 36.10,-12 33 47.88,11.6,V,S3,LINER,0.015,           ,                    ,                    ,                    ,                    ,                    ,0.015,N,1,2014-04-05,Y,N,2000,2.1,90,N,11,18,,,0.0,,Negligible emission (elliptical),2540.0,8200.0,,, E               ,,,M,0.309,0.027,133.5,21.474,0.321,12.825,0.453,3.7835473312,0.4201271128,                 ,                 ,0.58,0.995,90
ESO443-G17,ESO 443-G017,12 57 44.90,-29 45 59.04,13.73,V,H2,AGN UNCLASSIFIED,0.01019,7.3e-05,84.8,12.6,0.646,0.062,23,0.01019,N,1,2016-02-10,Y,N,2700,1.4,0,N,13,16,10.6146675843,0.0088,5.45869250574,0.187093802782,SB + Seyfert 2,15.0,37.0,0.89,, S0-a            ,B,R,,0.26,0.03,15.94,20.362,0.366,13.908,0.202,2.4392912709,0.2039457574,                 ,0.98,                 ,                 ,63.48
NGC4845,SDSS J12580+0134,12 58 01.20,+01 34 32.88,16.31,V,S2,SEYFERT TYPE 2,0.00411,5.7e-05,300.7,14.2,0.263,0.012,89,0.00411,N,1,2016-05-04,Y,S,2700,1.3,90,N,12,17,10.0567672627,0.0092,2.21996595681,0.085050531628,SB + Seyfert 2,,33.0,1.09,1.14, Sab             ,,,,0.662,0.024,81.88,21.729,0.276,11.903,0.123,4.7876400613,0.2893335318,0.42,0.93,0.46,0.98,90
NGC4939,,13 04 14.30,-10 20 23.00,13.8,V,S2,Comp thick Sy 2,0.010374,1.3e-05,329.7,15.5,0.513,0.037,10,0.010374,N,1,2016-05-06,Y,N,2100,1.4,0,N,11,16,10.3028205016,0.0088,2.31407703155,0.104612043617,Seyfert 2,,7.0,,, Sbc             ,,R,,0.395,0.037,6.26,22.247,0.317,11.886,0.07,5.328269509,0.3459503874,0.14,0.64,0.245,0.81,70.07
ESO323-G77,ESO 323-G077,13 06 26.21,-40 24 51.84,13.42,V,S1.2,SEYFERT TYPE 1,0.015014,4.7e-05,88.7,10.8,0.676,0.065,155,0.0155724666952,Y,1,2016-02-10,Y,N,2700,1.2,45,N,14,16,11.5721415295,0.0092,11.98804908,0.356656235358,Seyfert 1,,32.0,0.86,-0.03, S0              ,B,R,,0.177,0.03,14.84,19.938,0.355,13.618,0.198,2.3747930886,0.1930629372,                 ,                 ,                 ,                 ,57.98
NGC4968,,13 07 05.40,-23 40 36.84,14.79,V,S2,SEYFERT TYPE 2,0.009863,8.7e-05,111.7,10.8,0.457,0.044,56,0.009863,N,2,2016-05-06,Y,N,2700,1.3,45,N,11,18,10.4105175471,0.0088,1.98660530852,0.0870812431535,Seyfert 2,15.0,33.0,1.01,, S0              ,B,,,0.342,0.028,57.39,21.298,0.391,13.828,0.192,2.988843328,0.2603864114,                 ,                 ,                 ,                 ,90
PKS1306-241,"PGC 045565 (PKS B1306-241 in NED; ""B"" means B1950 coordinates)",13 08 41.81,-24 22 57.00,13.9,V,S2,SEYFERT TYPE 2,0.013926,0.000123,                    ,                    ,                    ,                    ,                    ,0.013926,N,1,2016-05-05,Y,N,2700,1.3,90,N,12,20,10.0792750883,0.0096,0.0,,SB + Seyfert 2,220.0,466.0,,,                 ,,,,0.418,0.152,124.35,                 ,                 ,16.24,0.356,,,                 ,                 ,                 ,                 ,69.96
ARK402,SDSS J13088-0049,13 08 50.11,-00 49 01.92,16.19,V,S2,SEYFERT TYPE 2,0.017807,9.1e-05,                    ,                    ,                    ,                    ,                    ,0.017807,N,1,2016-05-04,Y,N,2700,1.5,90,N,13,18,10.5729897176,0.0084,0.0,,SB + Seyfert 2,,35.0,0.72,0.55, S0              ,,,,0.173,0.025,97.86,22.233,0.254,14.675,0.456,3.0419070593,0.3175564487,                 ,                 ,                 ,                 ,57.36
NGC4990,,13 09 17.30,-05 16 22.08,13.82,V,H2,AGN UNCLASSIFIED,0.010574,2.3e-05,60,20.9,0.832,0.145,                    ,0.010574,N,1,2016-05-05,Y,N,2700,1.0,90,N,12,17,10.2534557329,0.0088,2.48302656689,0.115968069486,SB + Seyfert 2,19.0,28.0,0.56,-0.2, S0              ,,,,0.044,0.03,47.86,                 ,                 ,14.265,0.633,,,                 ,                 ,                 ,                 ,29.44
MCG-03-34-064,MCG -03.34.064,13 22 24.50,-16 43 41.88,13.9,V,S1h,SEYFERT TYPE 1,0.016541,4e-05,                    ,                    ,                    ,                    ,                    ,0.016541,N,1,2016-05-04,Y,N,2700,1.3,90,N,12,17,11.252541104,0.0092,18.0002353424,0.98187093506,Seyfert 1,101.0,271.0,,, S0              ,,,,0.172,0.026,74.5,                 ,                 ,14.397,0.337,,,                 ,                 ,                 ,                 ,57.15
NGC5128,Cen A,13 25 28.01,-43 01 00.12,12.76,V,B?,BL LAC,0.001825,1.7e-05,1542.2,35.9,0.776,0.037,35,0.001825,N,1,2016-05-06,Y,T,1200,1.4,90,N,12,16,,,1.24850010572,0.0377858899598,Seyfert 2,,,1.72,0.83, S0              ,,,M,0.117,0.036,33.25,22.524,0.311,7.784,0.258,12.7909221053,1.0337249418,                 ,1,0.27,1.14,47.27
NGC5135,,13 25 43.99,-29 50 02.04,13.35,V,S2,SEYFERT TYPE 2,0.013693,2e-05,154.2,11,0.708,0.051,                    ,0.013693,N,1,2016-05-06,N,N,2400,1.6,135,N,12,16,11.0320638119,0.0088,30.7141014691,1.17213571316,PSB + Seyfert 2,59.0,187.0,0.64,-0.08, Sab             ,B,,,0.037,0.03,                 ,21,0.576,12.828,0.14,3.439313572,0.4077442229,0.13,0.77,0.045,0.755,24.46
ESO383-G35,MCG -06.30.015,13 35 53.70 ,-34 17 44.00,13.61,V,S1.2,SEYFERT TYPE 1.2,0.007749,5e-05,57.3,8.5,0.603,0.074,116,0.007749,Y,1,2016-05-06,Y,N,2100,1.7,90,N,12,17,10.7199677229,0.0092,0.528096813132,0.0338552352543,Seyfert 1,1.0,,0.96,0.34, Sab             ,,,,0.24,0.034,116,19.96,0.541,13.719,0.134,2.3375700539,0.2605680857,                 ,                 ,0.4,0.815,58.78
NGC5252,,13 38 15.89,+04 32 33.00,14.21,V,S2,SEYFERT TYPE 2,0.022975,1e-05,82.8,19.1,0.617,0.075,10,0.022975,N,1,2016-05-06,Y,N,2400; 4800 in mosaic overlap region,1.4,0,Y,28,19,11.3043105949,0.0088,0.0,,Seyfert 2,18.0,13.0,1.0,0.34, S0              ,,,,0.234,0.024,11.21,                 ,                 ,14.288,0.249,,,                 ,                 ,                 ,                 ,67.31
NGC5253,,13 39 55.99,-31 38 24.00,13.16,V,H2,AGN UNCLASSIFIED,0.001358,1e-05,300.7,14.2,0.389,0.018,45,0.001358,N,1,2013-08-05,N - because bright lines saturated,S,3000,1.9,0,N,10,19,8.55650080731,0.0092,0.170063494653,0.00414412134916,SB,75.0,67.0,0.22,-0.66, SBm             ,B,,,0.373,0.026,43.19,                 ,                 ,10.8,0.335,,,-0.273,0.464,-0.744,0.372,85.29
IC4329A,,13 49 19.30,-30 18 33.84,13.66,V,S1.2,SEYFERT TYPE 1,0.016054,5e-05,82.8,10.1,0.275,0.02,45,0.016054,Y,1,2016-05-04,Y,N,2700,1.4,45,N,12,17,11.7646085046,0.0116,4.04779670316,0.158532782301,Seyfert 1,24.0,64.0,1.15,0.28, S0-a            ,,,,0.248,0.029,46.2,21.274,0.606,13.742,0.403,3.0261318296,0.4404638572,0.28,0.97,0.315,0.98,65.47
NGC5427,,14 03 25.90,-06 01 50.16,13.96,V,S2,SEYFERT TYPE 2,0.008733,1e-05,169.1,8,0.851,0.04,                    ,0.00917276022845,N,2,2016-05-06,N,N,2400,1.8,90,N,12,20,10.0000455943,0.0088,0.0,,Seyfert 2,2.0,8.0,0.71,0.03, SABc            ,B,,M,0.042,0.039,                 ,21.578,0.305,11.96,0.124,4.5925798406,0.3024150184,-0.15,0.57,-0.065,0.635,25.49
NGC5506,,14 13 14.81,-03 12 25.92,14.38,V,S1i,SEYFERT TYPE 1,0.006181,2.7e-05,169.1,12.1,0.302,0.022,95,0.006181,N,1,2013-08-06,Y,N,3000,0.9,90,N,11,17,10.9525461247,0.0124,2.06261960622,0.0767478742673,Seyfert 2,132.0,331.0,0.87,0.14, Sa              ,,,,0.577,0.022,88.76,22.465,0.376,12.81,0.126,4.6266874371,0.3669426944,                 ,0.87,0.45,0.945,90
NGC5597,,14 24 27.50,-16 45 45.00,14.18,V,H2,AGN UNCLASSIFIED,0.00895,1.7e-05,125.4,9,0.794,0.057,95,0.00895,N,1,2014-04-08,Y,N,1800,1.1,45,N,10,17,10.1898726494,0.0092,0.0,,SB,13.0,40.0,0.57,-0.33, Sc              ,B,R,M,0.111,0.025,65,22.328,0.305,12.607,0.112,4.6881581514,0.3046494886,                 ,0.57,-0.13,0.575,39.98
NGC5643,,14 32 40.70,-44 10 27.84,13.6,V,S2,SEYFERT TYPE 2,0.003999,7e-06,274.3,12.9,0.871,0.041,                    ,0.003999,N,1,2016-05-04,Y,N,1980; 3960 in mosaic overlap region,1.4,0,Y,25,17,9.83287144924,0.0088,3.0018470826,0.0837350819489,Seyfert 2,64.0,,0.97,0.4, Sc              ,B,R,,0.059,0.029,87.6,22.057,0.28,10.787,0.107,6.3904690259,0.3831063529,0.15,0.74,0.19,0.81,29.89
NGC5664,,14 33 43.51,-14 37 10.92,14.52,V,S2,SEYFERT TYPE 2,0.015157,2.3e-05,                    ,                    ,                    ,                    ,                    ,0.015157,N,1,2014-04-05,Y,N,3000,2.0,30,N,10,17,10.3278841193,0.0092,2.4998792651,0.0891703725848,Seyfert 2,,61.0,,, Sa              ,,,,0.341,0.036,27.01,                 ,                 ,14.52,0.5,,,                 ,                 ,                 ,                 ,70.19
NGC5728,,14 42 23.90,-17 15 11.16,13.4,V,S1.9,SEYFERT TYPE 2,0.009353,6.7e-05,185.4,8.7,0.575,0.041,30,0.009353,N,1,2014-04-08,Y,N,1800,1.2,120,N,10,19,10.3667279653,0.0088,3.94423515703,0.108800319257,Seyfert 2,29.0,52.0,0.94,0.3, Sa              ,B,R,,0.234,0.064,14.5,                 ,                 ,12.23,0.273,,,0.29,0.92,0.315,0.945,59.09
NGC5757,,14 47 46.01,-19 04 43.00,13.73,V,H2,AGN UNCLASSIFIED,0.008929,2.3e-05,119.7,8.6,0.813,0.058,160,0.008929,N,1,2013-08-03,Y,N,3000,2.0,0,N,12,17,10.3622922313,0.0092,5.05908424272,0.152794325325,SB,,31.0,0.65,-0.22, Sb              ,B,R,,0.177,0.026,177.6,20.936,0.822,13.268,0.285,3.1095634912,0.5410672643,                 ,0.72,-0.23,0.795,50.6
PKS1521-300,PGC 141885,15 24 33.41,-30 12 20.88,16.0,V,S1,SEYFERT TYPE 1,0.01946,0.00015,                    ,                    ,                    ,                    ,                    ,0.01946,N,1,2016-05-03,Y,N,2700,1.9,90,N,12,16,10.589190846,0.0092,0.0,,SB + Seyfert 2,390.0,169.0,,, E               ,,,,0.03,0.028,                 ,                 ,                 ,16.01,0.365,,,                 ,                 ,                 ,                 ,29.5
NGC5990,,15 46 16.49,+02 24 56.16,13.3,V,S2,SEYFERT TYPE 2,0.012806,1.7e-05,92.9,9,0.589,0.057,115,0.012806,N,1,2016-05-03,N,N,2700,1.9,90,N,11,14,,,9.49508242016,0.284999654034,SB + PSB + Seyfert 2,,47.0,,, SABa            ,B,,,0.224,0.023,107.02,                 ,                 ,13.149,0.349,,,                 ,                 ,                 ,                 ,57.84
NGC6000,,15 49 49.61,-29 23 11.04,13.0,V,H2,AGN UNCLASSIFIED,0.007315,3e-06,111.7,10.8,0.871,0.084,154,0.007315,N,1,2014-04-05,Y,N,3000,1.8,0,N,11,18,10.5119649276,0.0092,12.8358562422,0.346927509722,SB + Seyfert 2,,136.0,,, SBbc            ,B,,,0.062,0.041,158.64,21.649,0.307,13.03,0.2,3.7609163547,0.2755999915,                 ,                 ,                 ,                 ,30.73
ESO137-G34,ESO 137-G034,16 35 14.21,-58 04 41.16,12.2,V,S2,SEYFERT TYPE 2,0.009144,2.2e-05,86.7,15.2,0.759,0.093,10,0.009144,N,1,2013-08-10,Y,N,3000,1.4,90,N,13,16,10.0724088779,0.0316,0.0,,Seyfert 2,,,,, SABa            ,B,,,0.104,0.043,18.23,24.084,0.348,12.21,0.2,7.2109098824,0.5788595804,                 ,                 ,                 ,                 ,41.13
ESO138-G01,ESO 138-G001,16 51 20.50,-59 14 11.04,13.63,V,S2,SEYFERT TYPE 2,0.00914,0.000167,62.8,11,0.501,0.061,159,0.0091270480394,N,1,2014-04-08,Y,N,1800,1.1,90,N,10,17,10.8151056638,0.0088,0.0,,Seyfert 2,,,0.99,0.28, E-S0            ,,,,0.168,0.031,140.88,20.676,0.43,14.627,0.556,2.249517914,0.3162268559,                 ,                 ,0.37,0.98,60.85
NGC6221,,16 52 45.70,-59 12 59.04,13.45,V,S2,SEYFERT TYPE 2,0.004999,1.7e-05,212.9,10,0.692,0.049,4,0.004999,N,1,2014-04-08,Y,N,2000,1.2,90,N,11,16,9.76183385058,0.0088,0.0,,SB + Seyfert 2,110.0,,0.96,0.17, Sc              ,B,,,0.187,0.029,0.8,21.582,0.32,10.729,0.131,5.8791742181,0.4065753972,0.16,0.74,0.195,0.805,50.94
NGC6300,,17 16 59.21,-62 49 05.16,13.08,V,S2,SEYFERT TYPE 2,0.003699,1e-05,268,12.6,0.661,0.031,117,0.003699,N,1,2013-08-10,Y,N,3000,1.4,90,N,13,16,9.81645096216,0.0092,1.68288568652,0.0635250263646,Seyfert 2,42.0,,1.09,0.49, SBb             ,B,R,,0.199,0.027,118.63,21.808,0.29,10.957,0.146,5.8768232624,0.3816154,0.13,0.78,0.22,0.845,53.16
NGC6328,PKS 1718-649,17 23 40.90,-65 00 36.00,15.5,V,S3,LINER,0.014428,2.3e-05,143.9,17.6,0.575,0.056,156,0.014428,N,1,2014-08-22,Y,N,2400,1.3,0,N,13,20,10.7687698753,0.0092,0.0,,SB + Seyfert 2,3700.0,,,, SABa            ,B,,,0.014,0.031,                 ,22.4,0.305,13.256,0.265,4.1772442226,0.3375564864,                 ,                 ,                 ,                 ,15.14
FAIRALL49,F 49 / IRAS 18325-5926,18 36 58.30,-59 24 09.00,13.2,V,S1h,SEYFERT TYPE 1,0.020021,0.00015,                    ,                    ,                    ,                    ,                    ,0.020021,Y,1,2014-04-08,Y,N,2000,1.2,90,N,11,17,11.6498484028,0.0088,11.2336361714,0.400348465186,Seyfert 1,66.0,,,, E-S0            ,,,,                 ,                 ,120,                 ,                 ,15.94,0.5,,,                 ,                 ,                 ,                 ,                 
ESO103-G35,ESO 103-G035,18 38 20.50,-65 25 39.00,14.53,V,S2,SEYFERT TYPE 2,0.013286,0.000113,65.8,11.5,0.363,0.044,43,0.013286,N,1,2013-08-09,N - also; flat-fielding issue,N,3000,1.5,90,N,12,15,10.7923829723,0.0092,2.80552003457,0.12899865219,Seyfert 2,,,0.98,0.44, S0-a            ,,,,0.432,0.047,41.63,20.997,0.389,14.749,0.219,2.3408446041,0.2089953466,                 ,                 ,0.56,0.98,83.71
FAIRALL51,F 51,18 44 54.00,-62 21 52.92,14.1,V,S1.5,SEYFERT TYPE 1.5,0.014178,3.1e-05,97.3,9.4,0.525,0.051,161,0.014178,Y,1,2013-08-06,N,N,3000,1.3,0,N,12,16,11.0320909309,0.0092,1.87808309012,0.131088418321,Seyfert 1,,,0.73,-0.17, SBb             ,B,,,0.424,0.028,168.56,21.22,0.618,14.632,0.22,2.5055411913,0.328722421,-0.21,0.72,0.84,0.73,72.78
IC4777,F 334,18 48 11.30,-53 08 51.00,14.63,V,S2,SEYFERT TYPE 2,0.018693,0.00015,54.7,8.1,0.724,0.052,127,0.018693,N,1,2016-05-06,Y,N,2700,1.7,135,N,13,19,10.4445545117,0.0096,2.03643037892,0.183577014953,Seyfert 2,,,,, S0-a            ,B,,,0.087,0.029,122.5,21.012,0.306,14.647,0.226,2.3962604586,0.1823124343,                 ,                 ,                 ,                 ,38.46
ESO460-G09,ESO 460-G009,19 30 26.60,-31 52 38.00,14.7,V,S,SEYFERT,0.019553,9.3e-05,54.7,9.6,0.501,0.061,143,0.019553,N,1,2016-05-03,Y,N,2700,1.8,90,N,12,15,10.5017936138,0.0092,0.0,,SB + Seyfert 2,,4.0,,, S0-a            ,B,,,0.295,0.053,142.47,21.086,0.44,14.772,0.227,2.3719453412,0.2348724183,                 ,                 ,                 ,                 ,69.03
NGC6812,,19 45 24.29,-55 20 48.12,11.9,R,S?,SEYFERT,0.015451,9.7e-05,97.3,11.9,0.692,0.049,94,0.015451,N,1,2013-08-04,N,N,3000,1.6,90,N,13,15,10.7673769047,0.0088,0.0,,LINER,832.0,,,, S0              ,,,,0.193,0.046,87.37,21.223,0.325,13.572,0.171,3.0990100208,0.2276167482,                 ,                 ,                 ,                 ,60.65
ESO339-G11,ESO 339-G011,19 57 37.61,-37 56 08.16,12.47,V,S2,SEYFERT TYPE 2,0.0192,2.3e-05,                    ,                    ,                    ,                    ,                    ,0.0192,N,2,2014-08-22,Y,N,3000,1.5,60,N,12,14,10.7095658308,0.0088,13.275419743,0.540582794454,Seyfert 2,90.0,157.0,,, SBb             ,B,,,0.43,0.039,74.49,21.267,0.397,14.629,0.253,2.5307196749,0.2382739436,                 ,                 ,                 ,                 ,73.71
NGC6860,,20 08 47.11,-61 06 00.00,13.53,V,S1.5,SEYFERT TYPE 1.5,0.014884,8e-05,80.9,7.8,0.562,0.054,34,0.014884,Y,1,2013-08-12,Y,N,3000,2.6,0,N,14,20,11.2913012954,0.0092,2.48307167499,0.127686484633,Seyfert 1,,,0.87,0.07, SBb             ,B,R,,0.241,0.048,31.61,20.742,0.34,13.747,0.208,2.718,0.216666713,                 ,                 ,                 ,                 ,57.99
MCG-02-51-008,MCG -02-51-008; PGC 064419,20 17 06.31,-12 05 51.00,12.77,R,S3,SEYFERTTYPE  2,0.018606,0.00012,                    ,                    ,                    ,                    ,                    ,0.018606,N,1,2014-08-24,Y,N,2700,1.3,90,N,12,19,10.6600447988,0.0092,5.78668062718,0.293031563104,SB + Seyfert 2,,22.0,,, Sc              ,,,,0.096,0.081,84.5,                 ,                 ,                 ,                 ,,,                 ,                 ,                 ,                 ,37.59
NGC6890,,20 18 18.10,-44 48 24.12,14.02,V,S1.9,SEYFERT TYPE 2,0.008069,8.3e-05,92.9,4.4,0.794,0.057,152,0.008069,N,1,2013-08-10,Y,N,3000,1.1,0,N,13,15,10.22595228,0.0088,2.17143851821,0.0662232555959,Seyfert 2,4.0,,0.97,0.37, SBb             ,B,,,0.096,0.027,154.94,20.92,0.223,12.958,0.057,3.2978682114,0.1518137373,0.13,0.76,0.19,0.825,38.25
IC4995,IC 4995,20 19 58.99,-52 37 18.84,14.06,V,S2,SEYFERT TYPE 2,0.016094,0.000107,73.8,9,0.661,0.047,153,0.016094,N,1,2014-08-22,Y,N,2400,1.3,0,N,13,19,10.6283966251,0.0084,1.99728083904,0.130629682164,Seyfert 2,5.0,,0.96,0.39, S0              ,,,,0.168,0.027,157.92,20.655,0.305,14.348,0.179,2.368627285,0.1675314523,                 ,                 ,                 ,                 ,56.59
NGC6915,,20 27 46.01,-03 04 36.84,12.4,V,S3,LINER,0.018903,0.00014,82.8,14.5,0.692,0.121,                    ,0.018903,N,2,2014-08-24,Y,N,2700,1.5,90,N,14,19,10.3702726494,0.0088,1.48297803385,0.0632914819756,LINER,,25.0,,, Sab             ,,R,,0.155,0.049,85,                 ,                 ,13.77,0.5,,,                 ,                 ,                 ,                 ,48.6
NGC6926,,20 33 06.10,-02 01 40.08,13.87,V,S2,SEYFERT TYPE 2,0.019613,2.5e-05,117,11.3,0.692,0.067,360,0.019613,N,2,2013-08-09,Y,N,3000,1.1,0,N,12,15,10.6384946328,0.0096,25.2951413024,1.21322201098,LINER or Seyfert 2,,66.0,1.0,0.14, Sc              ,B,,,0.56,0.028,177.88,                 ,                 ,13.317,0.2,,,0.18,0.73,0.15,0.645,78.13
NGC6936,,20 35 56.30,-25 16 48.00,13.8,V,S3,LINER,0.019493,0.0001,111.7,10.8,0.562,0.04,4,0.019493,N,1,2014-08-22,Y,N,2400,1.9,0,N,14,20,10.9278844126,0.0092,0.0,,SB + Seyfert 2,,32.0,,, E-S0            ,,,,0.3,0.028,4.65,21.546,0.34,13.952,0.215,3.0638855387,0.2465047773,                 ,                 ,                 ,                 ,90
MCG-04-49-001,MCG -04.49.001,20 46 37.20,-23 37 49.08,14.5,V,S3,LINER,0.020104,9.7e-05,64.3,11.2,0.891,0.064,                    ,0.020104,N,1,2014-08-23,Y,N,2400,1.9,0,N,13,20,10.6398887679,0.0088,0.0,,LINER,,26.0,,, E-S0            ,,,,0.097,0.024,156.5,                 ,                 ,14.21,0.377,,,                 ,                 ,                 ,                 ,45.26
IC5063,PKS 2048-57 / IC5063,20 52 02.21,-57 04 06.96,13.6,V,S1h,SEYFERT TYPE 1,0.011348,2e-05,128.3,12.4,0.676,0.065,116,0.011348,N,1,2013-08-12,Y,N,3000,2.0,90,N,13,19,10.6140886503,0.0088,3.05639955533,0.156693280166,Seyfert 2,420.0,,1.09,0.38, S0-a            ,,,,0.148,0.022,119.98,21.984,0.232,12.962,0.098,4.0765632066,0.2053358048,0.43,1.02,0.4,1.055,51.01
IC1368,,21 14 12.60,+02 10 40.08,14.3,V,S2,SEYFERT TYPE 2,0.013049,3.7e-05,67.3,8.2,0.363,0.035,48,0.013049,N,1,2013-08-06,N,N,3000,1.5,90,N,13,18,10.0724725701,0.0084,2.92381800256,0.0937843672461,Seyfert 2,,24.0,,, Sa              ,,,,0.415,0.027,46.75,                 ,                 ,14.301,0.298,,,                 ,                 ,                 ,                 ,76.92
ESO287-G42,ESO 287-G042,21 38 07.90,-42 36 18.00,16.15,V,S1.8,SEYFERT TYPE 1.8,0.01867,0.000133,47.7,7.1,0.55,0.053,121,0.01867,N,1,2016-05-06,N,N,2700,1.7,120,N,12,16,10.5794119292,0.0088,0.0,,Seyfert 1,,,,, S0              ,,,,0.26,0.028,119.4,20.626,0.31,15.108,0.19,2.0228895186,0.1471017663,                 ,                 ,                 ,                 ,71.62
NGC7130,IC 5135,21 48 19.51,-34 57 05.04,13.87,V,S1.9,SEYFERT TYPE 2,0.016151,5e-05,90.8,8.8,0.912,0.088,                    ,0.016151,N,1,2013-08-03,N,N,3000,1.3,90,N,11,15,10.92270543,0.0088,40.4970603312,1.09380569384,Seyfert 2,70.0,169.0,0.62,0.02, Sa              ,,,,0.07,0.025,                 ,20.255,0.236,12.927,0.067,2.9051627428,0.142542573,0,0.69,-0.085,0.645,33.67
NGC7172,,22 02 01.90,-31 52 08.04,13.61,V,S2,SEYFERT TYPE 2,0.008683,4e-05,147.3,6.9,0.562,0.04,100,0.008683,N,1,2014-08-23,Y,N,2400,1.3,90,N,13,19,10.8138974364,0.0092,3.68890250276,0.112576043958,SB + Seyfert 2,20.0,34.0,1.07,0.59, Sa              ,,,,0.179,0.028,104.7,22.138,0.247,12.837,0.073,4.3104766797,0.2220426912,0.39,0.94,0.47,1.025,52.91
NGC7213,,22 09 16.30,-47 10 00.12,12.08,V,S3b,LINER,0.005839,1.9e-05,185.4,17.9,0.891,0.086,                    ,0.005839,Y,1,2013-08-05,Y,N,3000,1.3,90,N,12,16,10.5247434017,0.0088,0.866046241501,0.0277621142134,LINER,228.0,,1.01,0.45, Sa              ,,,,0.095,0.037,121.01,20.639,0.276,10.985,0.192,4.6257622881,0.3110494095,0.35,0.89,0.37,0.925,39.09
IC5169,,22 10 10.00,-36 05 19.00,14.27,V,S2,SEYFERT TYPE 2,0.010374,4.3e-05,117,11.3,0.427,0.041,22,0.010374,N,1,2016-05-04,Y,N,2700,1.2,30,N,11,17,10.3791353008,0.0084,3.76571812287,0.105363516774,SB + Seyfert 2,,20.0,,, S0-a            ,B,R,,0.354,0.048,24.06,21.835,0.403,13.755,0.184,3.3766152966,0.2991803105,                 ,                 ,                 ,                 ,84.05
IC1459,,22 57 10.61,-36 27 43.92,11.85,V,S3,LINER,0.006011,3.9e-05,314.9,22.5,0.724,0.052,40,0.006011,N,1,2013-08-03,N,S,3000,1.7,0,N,12,16,10.6238823601,0.0088,0.133752090046,0.0133840812252,LINER,720.0,1203.0,1.04,0.67, E               ,,,,0.155,0.018,43.1,20.62,0.226,10.949,0.21,4.6415150109,0.2863871182,0.51,0.98,0.565,0.99,74.29
NGC7469,,23 03 15.60,+08 52 26.04,13.04,V,S1.5,SEYFERT TYPE 1.5,0.016317,7e-06,88.7,4.2,0.724,0.052,125,0.016317,Y,1,2013-08-10,Y,N,3000,1.3,90,N,14,16,11.4266889528,0.0092,54.8565660993,1.93092390499,Seyfert 1,61.0,175.0,0.38,-0.72, Sa              ,B,,,0.056,0.032,126,18.466,0.308,12.898,0.088,2.0432177778,0.1308986796,-0.4,0.615,-0.66,0.49,30.24
NGC7496,,23 09 47.30,-43 25 40.08,13.9,V,S2,SEYFERT TYPE 2,0.0055,1.8e-05,198.7,14.2,0.912,0.088,                    ,0.0055,N,2,2013-08-05,Y,N,3000,1.0,0,N,13,16,9.28250343635,0.0088,0.838009556276,0.032517457754,SB + Seyfert 2,,,0.58,-0.2, Sb              ,B,,,0.196,0.031,168.95,22.344,0.367,11.894,0.22,5.4239518311,0.4641698697,                 ,                 ,-0.17,0.52,52.8
NGC7591,,23 18 16.30,+06 35 08.88,13.47,V,S,SEYFERT,0.016531,1.3e-05,117,8.4,0.407,0.029,145,0.016531,N,1,2013-08-10,N,N,3000,1.1,0,N,13,15,10.6983199859,0.0088,15.4787424028,0.594843249552,LINER,29.0,48.0,,, SBbc            ,B,,,0.347,0.023,147.27,22.129,0.32,13.878,0.102,3.4940805674,0.2347065234,0.23,0.84,0.29,0.925,66.91
NGC7582,,23 18 23.50,-42 22 14.16,13.57,V,S1i,SEYFERT TYPE 1,0.005254,2.3e-05,300.7,14.2,0.417,0.02,157,0.005254,N,2,2013-11-02,N,S,3000,1.3,0,N,12,16,10.7649697619,0.0104,10.6514124767,0.371532850739,SB + Seyfert 2,110.0,,0.87,0.17, SBab            ,B,,,0.34,0.037,156.34,21.905,0.467,11.364,0.139,5.5235611207,0.5382681263,0.25,0.75,0.275,0.81,68.17
NGC7590,,23 18 54.79,-42 14 21.12,13.76,V,S2,SEYFERT TYPE 2,0.005255,1.7e-05,161.5,7.6,0.38,0.018,36,0.005255,N,2,2013-11-03,Y,N,3000,2.0,0,N,11,18,10.028032866,0.0096,1.42120063992,0.08848008708,Seyfert 2,,,0.96,0.36, Sbc             ,,,,0.392,0.024,33.74,20.651,0.353,12.093,0.12,3.7153166275,0.277043067,0.01,0.58,0.115,0.71,69.44
IC1481,,23 19 25.30,+05 54 20.88,14.4,V,S3,LINER,0.020407,0.0001,48.8,11.2,0.891,0.132,                    ,0.020407,N,1,2014-08-24,Y,N,2700,1.3,90,N,13,19,10.6182907742,0.0084,4.91402333815,0.348995232551,SB + Seyfert 2,,36.0,,, Sd              ,,,,0.048,0.057,45,                 ,                 ,14.473,0.318,,,                 ,                 ,                 ,                 ,29.28
NGC7679,,23 28 46.61,+03 30 42.12,13.5,V,S1.9,SEYFERT TYPE 2,0.017139,1.3e-05,80.9,5.8,0.646,0.046,93,0.017139,N,1,2013-11-04,Y,N,3000,1.8,90,N,12,16,10.7337378284,0.0088,0.0,,SB + Seyfert 2,29.0,54.0,,, S0-a            ,B,,,0.198,0.025,86.08,19.124,0.305,13.378,0.105,2.1172587638,0.1365919097,-0.13,0.54,-0.175,0.495,59.3
NGC7682,,23 29 03.91,+03 31 59.88,14.3,V,S1h,SEYFERT TYPE 1,0.01714,2.4e-05,73.8,7.1,0.891,0.086,                    ,0.01714,N,1,2014-08-24,Y,N,2700,1.0,0,N,13,19,10.4857864518,0.0088,0.0,,Seyfert 2,14.0,58.0,,, Sab             ,B,R,M,0.032,0.027,                 ,                 ,                 ,14.001,0.157,,,                 ,0.95,                 ,1.03,22.73
NGC7714,,23 36 14.09,+02 09 18.00,14.36,V,H2,AGN UNCLASSIFIED,0.009333,3e-06,114.3,5.4,0.741,0.053,4,0.009333,N,1,2013-08-05,Y,N,3000,1.5,0,N,11,16,10.1295770105,0.0092,4.3517432567,0.23933857634,SB + Seyfert 2,27.0,57.0,0.55,-0.68, Sb              ,B,,M,0.138,0.03,8.41,20.212,0.305,12.986,0.141,2.8465038602,0.191293531,-0.45,0.52,-0.505,0.48,45.08
